start_time,end_time,duration,speaker_tag,transcription,file_name
1.1120543293718166,4.7792869269949065,3.66723259762309,SPEAKER_SPEAKER_01,और बमनी के दिल्ली में आ गए लगे लिए बनी सौन अब मैच बाते,segment_00000.wav
71.19694397283533,77.02037351443124,5.823429541595914,SPEAKER_SPEAKER_01,पहला गेंदा स्विंग गईल गाहे खातेर दूगो स्लिफ लागल बा एही गेना खातेर,segment_00002.wav
78.68421052631578,83.50594227504246,4.821731748726677,SPEAKER_SPEAKER_01,ऐजे बढ़िया शोट बाते गैप में बाते हनाना धंदरा चोका चल गई,segment_00003.wav
85.3904923599321,92.06281833616299,6.672325976230894,SPEAKER_SPEAKER_01,"और ये जी बढ़िया शॉट बाते, बढ़ी बढ़िया शॉट बात, आज चोका लिखर लाए पर, मारते नुपाता काट दे लाओ मारते नुपाता काट दे लाओ",segment_00004.wav
93.65874363327674,98.24278438030561,4.584040747028865,SPEAKER_SPEAKER_01,"लेकिन ऐजी मुकाते रहले, शॉट के ना फिकबा, तो शॉट तगड़ा लागे",segment_00005.wav
98.4974533106961,100.75551782682513,2.258064516129025,SPEAKER_SPEAKER_01,अपूल के चौका मिलाल वाविराग को लिके,segment_00006.wav
103.87945670628184,107.59762308998302,3.718166383701174,SPEAKER_SPEAKER_01,लेकिन आगे निकल के टहला देले चारे खादी टूपलेसीक,segment_00007.wav
111.53650254668932,116.00169779286927,4.465195246179945,SPEAKER_SPEAKER_01,नकल के नाल लेकिन चौका लगा देले अकल लगा के डिफलेसी,segment_00008.wav
119.36332767402376,120.95925297113752,1.5959252971137516,SPEAKER_SPEAKER_01,एजा चार हो गईल,segment_00009.wav
124.84719864176571,125.96774193548387,1.120543293718157,SPEAKER_SPEAKER_01,कुल टास के नरहे,segment_00010.wav
126.30730050933786,129.60101867572158,3.2937181663837123,SPEAKER_SPEAKER_01,उपर से खेलन में डॉप के छक्का भेटाई डूपले सीके,segment_00011.wav
131.62139219015282,140.99320882852294,9.37181663837012,SPEAKER_SPEAKER_01,एक शांदार सॉट वाला है वो यर्खर करायो के कोशिश कर ला है लो फूल्टर से इकदम रहा है लेकिन टू फ्लेसिस कितना प्रिज के जोन कर रहा है रहा है ना पीछे तक गईलान,segment_00012.wav
143.64176570458406,144.84719864176571,1.205432937181655,SPEAKER_SPEAKER_01,यह बार छोटवान के नाम,segment_00013.wav
145.2716468590832,146.0865874363328,0.8149405772495868,SPEAKER_SPEAKER_01,पुल मरले बड़े,segment_00014.wav
146.62988115449917,150.92529711375212,4.295415959252949,SPEAKER_SPEAKER_01,अच्छो का एहुगे ना पर मिल जाई तब 50 रन पूरा भेले जा RCB के,segment_00015.wav
154.47368421052633,162.6400679117148,8.166383701188465,SPEAKER_SPEAKER_01,"अब ला, रीव्यू के बदला एक वो चौका के रूप में, डूपलेसी के बदला से कहा लेब ठिक बा, कहा लेब छिल लेबा, कितना अपिल कर बा।",segment_00016.wav
165.79796264855688,181.02716468590833,15.229202037351456,SPEAKER_SPEAKER_01,और फिलाल कहीं जा खेले बड़े देख रहे हैं कहा जा रहा है लेकिन जेन बाज़न पाद अजय की दे गोधी में कहीं ले गया अक्षर पढ़ देल के और आउट होके अब डूपलेसी के जाय के पड़ी 45 सर बनाओ नहीं जा तच्चातर है डूपलेसी अब आउट होके,segment_00017.wav
184.25297113752123,193.55687606112056,9.303904923599333,SPEAKER_SPEAKER_01,जानते हैं मैक्सवेल जीरप लोगों रायल बने जाने,segment_00018.wav
196.12054329371819,197.85229202037354,1.7317487266553542,SPEAKER_SPEAKER_01,हाई छोटा हन के नाके,segment_00019.wav
198.25976230899832,201.12903225806454,2.869269949066222,SPEAKER_SPEAKER_01,चक्का मार देना लोग रूप लमार चक्का,segment_00020.wav
202.7589134125637,206.49405772495757,3.735144312393885,SPEAKER_SPEAKER_00,"बढ़िया शॉट रहा है वहाँ पे लोम रोल का भी, आयल उवन, क्रीज पे नया उवन",segment_00021.wav
208.616298811545,209.99151103565367,1.3752122241086795,SPEAKER_SPEAKER_00,अपड़िया शॉर्ट धीला,segment_00023.wav
209.99151103565367,214.37181663837012,4.380305602716447,SPEAKER_SPEAKER_01,लिली के बलेबाज के सांदार करा राजबाब बेहतरीन चोका,segment_00024.wav
216.51103565365028,228.9728353140917,12.461799660441415,SPEAKER_SPEAKER_01,आई फेर मर ले बड़े एकदम ओइसाने तो हर रही ले बड़े अब जी छक्का मिलल बार तो आज जोन लमरोर बड़े नू लमहर लमहर लमा लमा मारता रहे आर्सीबी के स्कोर के लमरावता रहे,segment_00025.wav
231.09507640067912,241.8251273344652,10.730050933786089,SPEAKER_SPEAKER_01,"आई ठेर लमहर बटे, ठेर में ताक़र बटे, आई छक्का बटे, ये आई लेबरोर नू बैक्सवेल के कमी रेकर खले देख, एकदम दंदनाद आनानाद मार सरे।",segment_00026.wav
243.48896434634975,251.9779286926995,8.488964346349746,SPEAKER_SPEAKER_01,और है पचासा पूरा कोले भाईया अपना घर में वापसी करते है बढ़िया से शॉट मरले पचास मरहिले,segment_00027.wav
255.0169779286927,263.59083191850596,8.573853989813244,SPEAKER_SPEAKER_01,हवा में गेंद बाटे फिल्डर बड़े लेकिन रचौका मार दे ले ये गोड़ पर ठेकब तो जैसे बल्ला से गेंदा निकलता ज़वके जखका भेटाई,segment_00028.wav
266.03565365025463,269.125636672326,3.089983022071351,SPEAKER_SPEAKER_01,फिर एक गोर परमीलाल आई बिकेट मिल गई,segment_00029.wav
269.60101867572155,273.5398981324279,3.9388794567063314,SPEAKER_SPEAKER_01,कोहली आउट हो गई ले हम कनी अनुए ओवर में कुछ होई,segment_00030.wav
273.96434634974537,283.981324278438,10.016977928692654,SPEAKER_SPEAKER_01,विराट कोहली 55 अंपर आउट हो गया दिनेश कार्ती काईल बनेजा,segment_00031.wav
286.7147707979626,289.7538200339559,3.039049235993275,SPEAKER_SPEAKER_01,गरारा प्रहार भेल बाते लाज़ा प्रहार काल दे ये घरा के,segment_00032.wav
290.3480475382004,291.2648556876061,0.9168081494057105,SPEAKER_SPEAKER_01,जाओ दोन खाते हूँ,segment_00033.wav
294.4227504244483,298.85398981324283,4.431239388794552,SPEAKER_SPEAKER_01,और फिलहाल कहाई शॉट देखी लाज़ाब शॉट लोंग रोर के पल्ला से निकल बाटे,segment_00034.wav
301.9779286926995,306.7317487266554,4.75382003395589,SPEAKER_SPEAKER_01,और इपला के बाहरी किनारा लेकर गेंद वैल्ड थर्ट बैंक के तीशा में चार लट खाती,segment_00035.wav
309.6519524617996,318.8200339558574,9.168081494057787,SPEAKER_SPEAKER_01,शिल हाई खाई हाई देखा कार्टी कपला से गणचुंगी छक्का ओमर के सनौपती 18 के बाद 166 में तीन आर्थी भी,segment_00036.wav
322.38539898132433,335.7640067911715,13.378607809847153,SPEAKER_SPEAKER_01,करारा प्रहार बेहतरीन शोट चार रन खाती लोंग रोर के पला से एक रेस साथे इनकर जोन पा 50 रन पुला साब रेस तारीब कर ले बाद निकाल जाई जहां इने जेट रही ने जबर्दस्ट कही ने,segment_00037.wav
338.88794567062826,351.383701188455,12.495755517826751,SPEAKER_SPEAKER_01,फुल टॉस गेना पा कार्तिक के बैट चलल बाए एकदम हाथे में। बॉर्नर भीले के एच आग कार्तिक के पारी समाप भैल। तक खलील जे की विकेट ले जरान योभर में आके पहिल के गेना पा विकेट ले ले लग।,segment_00038.wav
351.57045840407477,353.7945670628184,2.224108658743603,SPEAKER_SPEAKER_01,ताकि केंज भी ठोला पिकेट भी जाला,segment_00039.wav
353.93039049235995,356.69779286926996,2.767402376910013,SPEAKER_SPEAKER_01,और रन भी बचेला ता इस जे तरीके से,segment_00040.wav
356.86757215619696,365.2207130730051,8.353140916808115,SPEAKER_SPEAKER_01,आउट होके गई न कार्तिक बॉर्नर से कैस तो वैसे भी न छुटे लगाएगी तेजतर रार किला लेवा कार्तिक जाता रहें वापस 11 रन बना के नुझरावत,segment_00041.wav
365.3735144312394,373.4550084889644,8.081494057724967,SPEAKER_SPEAKER_01,पांच गेंद और है लेकिन तरफ गेंद रहा ना ना ना ना यह बिल्कुल खराब गेंद रहा है खेलना उपरेगे छैड़न खाकी अनुच,segment_00042.wav
373.9983022071308,377.1052631578948,3.1069609507640052,SPEAKER_SPEAKER_01,एयो इंकर घरे के मैदान हाँ अनुझरावत के,segment_00043.wav
377.75042444821736,387.32597623089987,9.57555178268251,SPEAKER_SPEAKER_01,यह दौर में जब बल्लेबाज आवेणा सोच रहा है कि जब हमनी के ऊपर के बल्लेबाज इतना चक कही लेवा तो हम कहाँ रुकल नहीं आई ते जुन बाते आई चक का देखी इक confidence देखी,segment_00044.wav
392.16468590831926,393.7436332767403,1.5789473684210407,SPEAKER_SPEAKER_01,फिलाल तो बढ़िया के अंत बाद यही साथ,segment_00045.wav
394.9490662139219,398.3276740237691,3.3786078098471535,SPEAKER_SPEAKER_01,अच्छा केंद बादी काल जाई ओवर में। हालकि नौ रन आईल बाटेजा।,segment_00046.wav
398.76910016977934,402.21561969439733,3.4465195246179974,SPEAKER_SPEAKER_01,और यह फीस ओवर के बाद 181 चार बार आर्थ सीवी के,segment_00047.wav
402.2665534804754,405.3735144312394,3.1069609507640052,SPEAKER_SPEAKER_01,तब बढ़िया बल्लेबादी कहती है इनको जितरे के साथ बल्लेबादी भेल,segment_00048.wav
405.39049235993207,432.99660441426147,27.6061120543294,SPEAKER_SPEAKER_01,120 गेंदा में दिल्ली कैपिटल्स के 182 रन के टारगेट मिलल बा अब उकरा रास्ता में बाधा पैदा करे के जि पोर्ग्राम चल रहल बा डेविड वार्नर आईल बड़े बल्ले बाजी करे स्ट्राइक रेटिंग कर कम लागता लेकिन इनका रन 300 के ऊपर बाते तो सॉल्ट के देखी रन तो बेसी नहीं किया लेकिन स्ट्राइक रेटिंग कर बेसी बाते 160 के महमद सिराज 10 मैच में 15 विकेट ले ले बड़े 7.34 के गनोमी से,segment_00049.wav
435.49235993208833,440.68760611205437,5.195246179966034,SPEAKER_SPEAKER_01,"वार्नर पहला गेंदा पर सटाका मुरलेया, सटका मुरलेया, चूका मुरलेया",segment_00050.wav
442.28353140916806,446.46010186757223,4.176570458404171,SPEAKER_SPEAKER_01,ऐजी बरले में बढ़िया शोट बट ऐजी फिल्डर से दूर जार रन मिल जाई।,segment_00051.wav
448.29371816638377,452.3174872665535,4.023769100169716,SPEAKER_SPEAKER_01,आईजी हवा में खीलल पा लेकिन कोनाई थी लाग के चोका मिल गई लगा,segment_00052.wav
454.30390492359936,465.0,10.696095076400638,SPEAKER_SPEAKER_01,"ऐजी मौका मिल गई बा, ऐजी चोका ले लिया है, फिल्ड केने लगे ले, छक्का चल गई बा, एमपायरों पूछता रहे की छोका बाते की छक्का बाते, एक हली एमपायर कन्फॉर्म करिये, तो हमू कन्फॉर्म करें।",segment_00053.wav
466.9864176570459,475.89983022071306,8.91341256366718,SPEAKER_SPEAKER_01,अहाई पढ़िया शोट आओते स्वागत छक्का से एकदम वर्नर आज मानेवाला नहीं खोबन आहाँ चरंगा के छक्का के साथे स्वागत कहिले,segment_00054.wav
478.58234295415957,481.8421052631579,3.259762308998347,SPEAKER_SPEAKER_01,आईजी पढ़िया शॉट मरले बाद है बहुत सांधार शॉट चार रन,segment_00055.wav
483.3191850594228,493.8624787775891,10.543293718166296,SPEAKER_SPEAKER_01,"आई हवा में गेंद खड़ा हो गई था, फिल्डर पाले की नहीं खुण, लेकिन इंपिछे गई था, आई छक्का दे के गई, दूसरा तल्ला पर पहुँच गई, इकती के छक्का छोरन मिल गई।",segment_00056.wav
496.0016977928693,501.70628183361634,5.704584040747022,SPEAKER_SPEAKER_01,अदुसार का गेद और पढ़ी आते हुँ अचले बड़े आईयो चक्का जाई एक बाम जाई दोर सक धिर्गा में जाई,segment_00057.wav
503.55687606112053,504.7453310696095,1.1884550084889725,SPEAKER_SPEAKER_01,आहाई एक और भी जाता,segment_00058.wav
504.830220713073,511.2988115449915,6.468590831918505,SPEAKER_SPEAKER_01,इस तरह का अटे एक तपा जाई और एक तपा चोंका चल गई इस चक्का ना लेकिन इस चोंका अटे,segment_00059.wav
513.93039049236,515.339558573854,1.4091680814940446,SPEAKER_SPEAKER_01,गेम खेल गेल हवा में,segment_00060.wav
517.9881154499151,525.5602716468591,7.572156196943979,SPEAKER_SPEAKER_01,दिप्ले छी नीचे अपकाई लेने एक वो कप्तान बोचार के कप्तान के कैच हेज़रपूर आई ले आज पर फलता दिलाओ ले,segment_00061.wav
525.8828522920203,530.7215619694398,4.8387096774195015,SPEAKER_SPEAKER_01,तान जाते रहे हैं वापस DC के 22 रन बना के मिशल मार्स नया बल्ले बाज।,segment_00062.wav
533.3531409168081,537.9881154499151,4.63497453310697,SPEAKER_SPEAKER_01,मार्च हमें छटान के ना मिली तो खुब दूर भेजला छक्का मार देले,segment_00063.wav
541.1969439728352,543.30220713073,2.1052631578947967,SPEAKER_SPEAKER_01,फिर तरी पटकल किना के खिलनक पीछे,segment_00064.wav
544.3378607809848,546.3752122241087,2.0373514431239528,SPEAKER_SPEAKER_01,विकेट कीपर कार्तिक भागत अरे,segment_00065.wav
546.6129032258063,549.634974533107,3.022071307300621,SPEAKER_SPEAKER_01,अनारो काई चोका मिल जाएगे जबल ने बासके,segment_00066.wav
553.2342954159592,558.446519524618,5.212224108658802,SPEAKER_SPEAKER_01,दिली के टीम के ताबड़ तोर शुरुवाद भेलबाज इसे ही ओमर के शुरुवाद भेलबाज चोका के साथ है,segment_00067.wav
560.9422750424449,566.239388794567,5.297113752122186,SPEAKER_SPEAKER_01,एइ शॉट अपना जगा से जगा बना के चौका मार के 50 सा पुरक न ले ले शॉट,segment_00068.wav
571.9100169779288,574.7113752122241,2.8013582342953214,SPEAKER_SPEAKER_01,एजा उडल शॉट अच्छो मिली साइट के,segment_00070.wav
576.8336162988116,581.1460101867572,4.312393887945518,SPEAKER_SPEAKER_01,देखा कितना अच्छा सॉट रलहा की जगा बने लान आफ्टर में थोड़ा गूस करके,segment_00071.wav
582.0967741935483,586.9015280135823,4.804753820033966,SPEAKER_SPEAKER_01,"91 मीटर के छक्का रहे, मने आईटियो के बिल्डिंग वा मैधान के बाहर",segment_00072.wav
590.1103565365026,591.383701188455,1.2733446519523568,SPEAKER_SPEAKER_01,एजाँ,segment_00073.wav
591.7062818336162,593.4550084889643,1.7487266553480367,SPEAKER_SPEAKER_01,अच्छा वन्नी कट्चवका,segment_00074.wav
596.358234295416,601.1460101867572,4.787775891341198,SPEAKER_SPEAKER_01,लेकिन हैजा मार्ज उड़ा के मरलन कॉनव फिल्डर नहीं के चौका मिली,segment_00075.wav
603.5059422750423,605.9168081494058,2.4108658743634805,SPEAKER_SPEAKER_01,फिल्ट आउस के ना उड़ा दे ले के ना खिल गिल बार,segment_00076.wav
606.8166383701189,608.1409168081493,1.3242784380304329,SPEAKER_SPEAKER_01,आहा थे मैं चल गई लिटा,segment_00077.wav
610.0594227504243,625.679117147708,15.619694397283638,SPEAKER_SPEAKER_01,जटका लागल मिशल मार्ज के रूप में जाता रहे हैं वापस ताबट थोड़ 26 रन बनाग अब नया बले बाज रूसो आईल बने,segment_00078.wav
628.3106960950763,632.4193548387098,4.108658743633441,SPEAKER_SPEAKER_01,गेद बाटे हवा में कहा जाए बहार जाए शैरन खाती,segment_00079.wav
633.3701188455009,639.1595925297113,5.789473684210407,SPEAKER_SPEAKER_01,जे तरीके से आज खेल ला हलमाने एकदम घाल जलाना मतलब तड़ाका भड़ाका और 83 मीटर के इच्छका,segment_00080.wav
642.8777589134127,646.0016977928692,3.1239388794565457,SPEAKER_SPEAKER_01,"और है रूशों के बल्ला सेख तम तहरे, सेख ताये कृपया",segment_00081.wav
646.0016977928692,648.2088285229202,2.207130730050949,SPEAKER_SPEAKER_00,बिल्कुल चिदा चेदर,segment_00082.wav
650.0764006791171,654.8811544991511,4.804753820033966,SPEAKER_SPEAKER_00,लोग गेंद रहने और हरशल पतेल भी हर गेंद लोग और 94 मीटर का छक्का,segment_00083.wav
658.5144312393888,669.0067911714771,10.49235993208822,SPEAKER_SPEAKER_01,फिलहाल ता बहतरीन एक और शॉट है जा रूसो के पल्ला से रूसो एक तब बिल्बा कहा थेना कि हम उहे तो ठान का इलबारी,segment_00084.wav
669.0067911714771,680.483870967742,11.477079796264889,SPEAKER_SPEAKER_00,बहुत साधार गिन बाजी करते हैं तो वो हर सेल पटेल के अगर बात कर ले जाए देखा लगतार स्लोवर फेकते हैं वो लगतार स्लोवर फेकते हैं चक्का लगता फिर स्लोवर और हम लोग भी बात करते हैं तो ली टी टंटी क्रिकेट में,segment_00085.wav
680.6196943972836,683.3701188455009,2.7504244482172453,SPEAKER_SPEAKER_00,यौरकर बहुत जरूरी हो जाला यौरकर सबसे बढ़िया केंदर,segment_00086.wav
687.9032258064517,690.7724957555179,2.8692699490661653,SPEAKER_SPEAKER_01,आईयाहो हाई काओ,segment_00087.wav
691.5365025466892,696.5449915110357,5.008488964346498,SPEAKER_SPEAKER_01,"एक तरीके लो छोड़ बा तू, 13 वर के बाद 50 पे तू डेली कैपिटल",segment_00088.wav
698.6672325976231,699.2105263157894,0.5432937181662965,SPEAKER_SPEAKER_01,ला,segment_00089.wav
699.5840407470289,702.6910016977929,3.1069609507640052,SPEAKER_SPEAKER_01,देखा कहा जाता है ना पैक रहके छाउरन,segment_00090.wav
703.6587436332768,710.365025466893,6.706281833616231,SPEAKER_SPEAKER_01,तस्साओर भी जोन पाटे ये पवाल कर रहा है लाइने कमाल कर रहा है लाइने और देखे तर्च गुनबा नाच रहा है लाइने पवाल,segment_00091.wav
710.365025466893,714.2020373514431,3.8370118845500656,SPEAKER_SPEAKER_00,दमाका इंडिया गेट तक सुनाई देई भाईया जैसे छक्का मारत वो और फिलिप सॉल्टाज,segment_00092.wav
714.7623089983022,723.811544991511,9.049235993208868,SPEAKER_SPEAKER_00,देखाओ के पढ़ ले ले रहलन और बढ़िया गिनबाजी भी ना एक कहल जाई हसरंगा का बहुत साधरण गिनबाजी करते हुआन मेन गिनबाज हुआन उपर अभी गें थेकले रहलन तो सिंगल ले रहलन,segment_00093.wav
726.4770797962649,727.937181663837,1.4601018675721207,SPEAKER_SPEAKER_00,और फिलाल है शार्दे की,segment_00095.wav
728.0050933786079,731.8590831918507,3.8539898132428334,SPEAKER_SPEAKER_01,इशाद बेकीब करा रहा शादी या चीदे चर ख़ती या,segment_00098.wav
734.7962648556877,739.634974533107,4.838709677419274,SPEAKER_SPEAKER_01,"फिल हालता एजा, एजा सॉल्ट बोल में है, एट टाट आउट खोड़ गये ले जा",segment_00099.wav
740.483870967742,749.9575551782682,9.473684210526244,SPEAKER_SPEAKER_00,"ये बढ़िया गेंद रहल, ऐसे नहीं गेंद बाजी करेंगे चाहिए, लेक्स टम पे पढ़के सबीधा बहल बॉल टर्न बहल, और आगी कर बॉल थोड़ा से रहल, पिछे खेलन, गलती कर बहलन,",segment_00100.wav
750.9932088285229,751.5195246179967,0.526315789473756,SPEAKER_SPEAKER_01,पारीकुछ,segment_00104.wav
751.9949066213921,753.471986417657,1.4770797962648885,SPEAKER_SPEAKER_01,तासी रानिया,segment_00108.wav
755.2376910016978,767.0033955857386,11.765704584040805,SPEAKER_SPEAKER_01,टीम के तारण हार अक्षर पटेल अल्लाह आईटा हुए उठवने वाले अकहा जार हल्वा के एक बॉंडी लाइंग के बारा यो कद्राम का है रुकी हम अवताई कुल खाते नहीं जाना जानी तब मार दे नहीं लो चक्का,segment_00109.wav
767.0033955857386,769.3123938879457,2.308998302207101,SPEAKER_SPEAKER_00,रक्षर पटेल जैसे फॉर्म में हुआ रक्षर पटेल जैसे फॉर्म में हुआ,segment_00110.wav
769.7707979626487,771.6044142614601,1.833616298811421,SPEAKER_SPEAKER_00,वैसे ने बल्ले बाजी दिखाई ले देखा,segment_00111.wav
772.1646859083191,776.8505942275042,4.685908319185046,SPEAKER_SPEAKER_00,गिन बाजी भी बढ़िया कर ले लेना आज और बल्ले बाजी लगा था बहुत बढ़िया करते होने,segment_00112.wav
779.516129032258,800.0424448217318,20.526315789473756,SPEAKER_SPEAKER_01,आई फेर हुमाच देले फेर हो इची जाई दर्शक दिर्गा में कोई आज दिल्ली एक वाइलान कर देले बा दिल्ली आज दिल जित ले बा दिल्ली आज मैच जित ले बा तो 16.4 में 187 के चेस दिल्ली कोई ले बा डी सी नौवा पर आ गईल बा 8 पॉइंट के साथ है आओ भी एक और मैच बाकी बा,segment_00113.wav
